<?xml version="1.0" encoding="UTF-8"?>

<mule xmlns:secure-property-placeholder="http://www.mulesoft.org/schema/mule/secure-property-placeholder" xmlns:context="http://www.springframework.org/schema/context"
	xmlns:http="http://www.mulesoft.org/schema/mule/http" xmlns:tracking="http://www.mulesoft.org/schema/mule/ee/tracking" xmlns="http://www.mulesoft.org/schema/mule/core" xmlns:doc="http://www.mulesoft.org/schema/mule/documentation"
	xmlns:spring="http://www.springframework.org/schema/beans" 
	xmlns:xsi="http://www.w3.org/2001/XMLSchema-instance"
	xsi:schemaLocation="http://www.springframework.org/schema/context http://www.springframework.org/schema/context/spring-context-current.xsd
http://www.springframework.org/schema/beans http://www.springframework.org/schema/beans/spring-beans-current.xsd
http://www.mulesoft.org/schema/mule/core http://www.mulesoft.org/schema/mule/core/current/mule.xsd
http://www.mulesoft.org/schema/mule/http http://www.mulesoft.org/schema/mule/http/current/mule-http.xsd
http://www.mulesoft.org/schema/mule/ee/tracking http://www.mulesoft.org/schema/mule/ee/tracking/current/mule-tracking-ee.xsd
http://www.mulesoft.org/schema/mule/secure-property-placeholder http://www.mulesoft.org/schema/mule/secure-property-placeholder/current/mule-secure-property-placeholder.xsd">
    <http:listener-config name="HTTP_Listener_Configuration" host="0.0.0.0" port="8081" doc:name="HTTP Listener Configuration"/>
   
    
    <secure-property-placeholder:config name="Secure_Property_Placeholder" encryptionAlgorithm="Blowfish" key="${cg@17}" location="test.properties,dev.properties,prod.properties" doc:name="Secure Property Placeholder"/>
  
    <flow name="poc_2Flow">
        <http:listener config-ref="HTTP_Listener_Configuration" path="/java/{credentials}" allowedMethods="POST" doc:name="HTTP"/>
        <set-variable variableName="credentials" value="#[message.inboundProperties.'http.uri.params'.credentials]" doc:name="Input details"/>
        <set-variable variableName="Id" value="#[json:id]" doc:name="Id"/>
        <set-variable variableName="UserName" value="#[json:UserName]" doc:name="UserName"/>
        <set-variable variableName="Password" value="#[json:Password]" doc:name="Password"/>
        <flow-ref name="propertyFlow" doc:name="PropertyFlow"/>
    </flow>
    <flow name="propertyFlow">
        <choice doc:name="Choice">
            <when expression="#[flowVars.credentials==&quot;1&quot;]">
                <flow-ref name="TestFlow" doc:name="TestFlow"/>
            </when>
            <when expression="#[flowVars.credentials==&quot;2&quot;]">
                <flow-ref name="DevFlow" doc:name="DevFlow"/>
            </when>
            <when expression="#[flowVars.credentials==&quot;3&quot;]">
                <flow-ref name="ProdFlow" doc:name="ProdFlow"/>
            </when>
        </choice>
    </flow>
    <sub-flow name="ProdFlow">
        <set-variable variableName="prodId" value="{prod.id}" doc:name="prodId"/>
        <set-variable variableName="prodUserName" value="{prod.UserName}" doc:name="prodUserName"/>
        <set-variable variableName="prodPassword" value="{prod.Password}" doc:name="prodPassword"/>
        <component class="com.cg.credentials.Credentials" doc:name="Java">
        </component>
        <object-to-string-transformer doc:name="Object to String"/>
    </sub-flow>
    <sub-flow name="DevFlow">
        <set-variable variableName="devId" value="{dev.id}" doc:name="devId"/>
        <set-variable variableName="devUserName" value="{dev.UserName}" doc:name="devUserName"/>
        <set-variable variableName="devPassword" value="{dev.Password}" doc:name="devPassword"/>
        <component class="com.cg.credentials.Credentials" doc:name="Java">
        </component>
        <object-to-string-transformer doc:name="Object to String"/>
    </sub-flow>
    <sub-flow name="TestFlow">
        <set-variable variableName="testId" value="{test.id}" doc:name="testId"/>
        <set-variable variableName="testUserName" value="{test.UserName}" doc:name="testUserName"/>
        <set-variable variableName="testPassword" value="{test.Password}" doc:name="testPassword"/>
        <component class="com.cg.credentials.Credentials" doc:name="Java">
        </component>
        <object-to-string-transformer doc:name="Object to String"/>
    </sub-flow>
</mule>
