<?xml version="1.0" encoding="UTF-8"?>

<mule xmlns:dw="http://www.mulesoft.org/schema/mule/ee/dw" xmlns:db="http://www.mulesoft.org/schema/mule/db" xmlns:json="http://www.mulesoft.org/schema/mule/json" xmlns:metadata="http://www.mulesoft.org/schema/mule/metadata" xmlns:http="http://www.mulesoft.org/schema/mule/http" xmlns:tracking="http://www.mulesoft.org/schema/mule/ee/tracking" xmlns="http://www.mulesoft.org/schema/mule/core" xmlns:doc="http://www.mulesoft.org/schema/mule/documentation"
	xmlns:spring="http://www.springframework.org/schema/beans" 
	xmlns:xsi="http://www.w3.org/2001/XMLSchema-instance"
	xsi:schemaLocation="http://www.springframework.org/schema/beans http://www.springframework.org/schema/beans/spring-beans-current.xsd
http://www.mulesoft.org/schema/mule/core http://www.mulesoft.org/schema/mule/core/current/mule.xsd
http://www.mulesoft.org/schema/mule/db http://www.mulesoft.org/schema/mule/db/current/mule-db.xsd
http://www.mulesoft.org/schema/mule/http http://www.mulesoft.org/schema/mule/http/current/mule-http.xsd
http://www.mulesoft.org/schema/mule/json http://www.mulesoft.org/schema/mule/json/current/mule-json.xsd
http://www.mulesoft.org/schema/mule/ee/dw http://www.mulesoft.org/schema/mule/ee/dw/current/dw.xsd
http://www.mulesoft.org/schema/mule/ee/tracking http://www.mulesoft.org/schema/mule/ee/tracking/current/mule-tracking-ee.xsd">
    <db:mysql-config name="MySQL_Configuration" host="${db.host}" port="${db.port}" user="${db.user}" password="mule" database="${db.database}" doc:name="MySQL Configuration"/>
    <flow name="getFlightsFlow">
        <db:select config-ref="MySQL_Configuration" doc:name="Database">
            <db:parameterized-query><![CDATA[SELECT * FROM american;]]></db:parameterized-query>
        </db:select>
        <dw:transform-message metadata:id="e48ee86c-4d6e-4eb3-bffb-745a5c4fc731" doc:name="Transform Message">
            <dw:input-payload doc:sample="sample_data\list_map.dwl"/>
            <dw:set-payload><![CDATA[%dw 1.0
%output application/json
---
payload map ((payload01 , indexOfPayload01) -> {
	ID: payload01.FlightId,
	code: payload01.FlightName
})]]></dw:set-payload>
        </dw:transform-message>
    </flow>
    <flow name="getFlightsByIDFlow">
        <db:select config-ref="MySQL_Configuration" doc:name="Database">
            <db:parameterized-query><![CDATA[SELECT * FROM american
WHERE ID = #[flowVars.ID]]]></db:parameterized-query>
        </db:select>
        <dw:transform-message metadata:id="e48ee86c-4d6e-4eb3-bffb-745a5c4fc731" doc:name="Transform Message">
            <dw:input-payload doc:sample="sample_data\list_map.dwl"/>
            <dw:set-payload><![CDATA[%dw 1.0
%output application/json
---
payload map ((payload01 , indexOfPayload01) -> {
	ID: payload01.FlightId,
	code: payload01.FlightName
})]]></dw:set-payload>
        </dw:transform-message>
    </flow>
    <flow name="postFlightFlow">
        <set-payload value="{&quot;message&quot;:&quot;Flight added(but not really)&quot;}" doc:name="Set Payload"/>
    </flow>
</mule>
